framework,control,chapter,chapter_name,source_file,practice_id,practice_name,how_it_maps,notes,source_ref
BSIMM,SR1.1,01,classificacao-aplicacoes,SbD-ToE-Manual/manuals_src/docs/sbd-toe/010-sbd-manual/01-classificacao-aplicacoes/achievable-maturity.md,MAT-BSIMM,Achievable maturity mapping,Token BSIMM SR1.1,AUTO: achievable-maturity (heurístico),/01#achievable
BSIMM,SR1.5,01,classificacao-aplicacoes,SbD-ToE-Manual/manuals_src/docs/sbd-toe/010-sbd-manual/01-classificacao-aplicacoes/achievable-maturity.md,MAT-BSIMM,Achievable maturity mapping,Token BSIMM SR1.5,AUTO: achievable-maturity (heurístico),/01#achievable
SAMM,,01,classificacao-aplicacoes,SbD-ToE-Manual/manuals_src/docs/sbd-toe/010-sbd-manual/01-classificacao-aplicacoes/achievable-maturity.md,MAT-SAMM,Achievable maturity mapping,SAMM mencionado em achievable-maturity,AUTO: presença,/01#achievable
SLSA,3,01,classificacao-aplicacoes,SbD-ToE-Manual/manuals_src/docs/sbd-toe/010-sbd-manual/01-classificacao-aplicacoes/achievable-maturity.md,MAT-SLSA,Achievable maturity mapping,SLSA nível 3,AUTO: achievable-maturity,/01#achievable
SLSA,1,01,classificacao-aplicacoes,SbD-ToE-Manual/manuals_src/docs/sbd-toe/010-sbd-manual/01-classificacao-aplicacoes/achievable-maturity.md,MAT-SLSA,Achievable maturity mapping,SLSA nível 1,AUTO: achievable-maturity,/01#achievable
DSOMM,,01,classificacao-aplicacoes,SbD-ToE-Manual/manuals_src/docs/sbd-toe/010-sbd-manual/01-classificacao-aplicacoes/achievable-maturity.md,MAT-DSOMM,Achievable maturity mapping,DSOMM mencionado em achievable-maturity,AUTO: presença,/01#achievable
LIFECYCLE,STORY,01,classificacao-aplicacoes,SbD-ToE-Manual/manuals_src/docs/sbd-toe/010-sbd-manual/01-classificacao-aplicacoes/aplicacao-lifecycle.md,,🛠️ User stories reutilizáveis,User story/heading do lifecycle,AUTO: heurístico,/01#lifecycle
LIFECYCLE,STORY,01,classificacao-aplicacoes,SbD-ToE-Manual/manuals_src/docs/sbd-toe/010-sbd-manual/01-classificacao-aplicacoes/aplicacao-lifecycle.md,,US-05 - Validação antes do go-live,User story/heading do lifecycle,AUTO: heurístico,/01#lifecycle
LIFECYCLE,STORY,01,classificacao-aplicacoes,SbD-ToE-Manual/manuals_src/docs/sbd-toe/010-sbd-manual/01-classificacao-aplicacoes/aplicacao-lifecycle.md,,📑 Artefactos esperados (por fase),User story/heading do lifecycle,AUTO: heurístico,/01#lifecycle
SSDF,PW.1,02,requisitos-seguranca,SbD-ToE-Manual/manuals_src/docs/sbd-toe/010-sbd-manual/02-requisitos-seguranca/achievable-maturity.md,MAT-SSDF,Achievable maturity mapping,Linha contendo SSDF PW.1,AUTO: achievable-maturity,/02#achievable
BSIMM,AM1.1,02,requisitos-seguranca,SbD-ToE-Manual/manuals_src/docs/sbd-toe/010-sbd-manual/02-requisitos-seguranca/achievable-maturity.md,MAT-BSIMM,Achievable maturity mapping,Token BSIMM AM1.1,AUTO: achievable-maturity (heurístico),/02#achievable
BSIMM,AM2.1,02,requisitos-seguranca,SbD-ToE-Manual/manuals_src/docs/sbd-toe/010-sbd-manual/02-requisitos-seguranca/achievable-maturity.md,MAT-BSIMM,Achievable maturity mapping,Token BSIMM AM2.1,AUTO: achievable-maturity (heurístico),/02#achievable
SAMM,,02,requisitos-seguranca,SbD-ToE-Manual/manuals_src/docs/sbd-toe/010-sbd-manual/02-requisitos-seguranca/achievable-maturity.md,MAT-SAMM,Achievable maturity mapping,SAMM mencionado em achievable-maturity,AUTO: presença,/02#achievable
SLSA,3,02,requisitos-seguranca,SbD-ToE-Manual/manuals_src/docs/sbd-toe/010-sbd-manual/02-requisitos-seguranca/achievable-maturity.md,MAT-SLSA,Achievable maturity mapping,SLSA nível 3,AUTO: achievable-maturity,/02#achievable
SLSA,1,02,requisitos-seguranca,SbD-ToE-Manual/manuals_src/docs/sbd-toe/010-sbd-manual/02-requisitos-seguranca/achievable-maturity.md,MAT-SLSA,Achievable maturity mapping,SLSA nível 1,AUTO: achievable-maturity,/02#achievable
DSOMM,,02,requisitos-seguranca,SbD-ToE-Manual/manuals_src/docs/sbd-toe/010-sbd-manual/02-requisitos-seguranca/achievable-maturity.md,MAT-DSOMM,Achievable maturity mapping,DSOMM mencionado em achievable-maturity,AUTO: presença,/02#achievable
LIFECYCLE,STORY,02,requisitos-seguranca,SbD-ToE-Manual/manuals_src/docs/sbd-toe/010-sbd-manual/02-requisitos-seguranca/aplicacao-lifecycle.md,,📝 User Stories e Cartões Reutilizáveis,User story/heading do lifecycle,AUTO: heurístico,/02#lifecycle
LIFECYCLE,STORY,02,requisitos-seguranca,SbD-ToE-Manual/manuals_src/docs/sbd-toe/010-sbd-manual/02-requisitos-seguranca/aplicacao-lifecycle.md,,US-05 - Definição de critérios de validação,User story/heading do lifecycle,AUTO: heurístico,/02#lifecycle
LIFECYCLE,STORY,02,requisitos-seguranca,SbD-ToE-Manual/manuals_src/docs/sbd-toe/010-sbd-manual/02-requisitos-seguranca/aplicacao-lifecycle.md,,US-06 - Validação de cobertura de testes,User story/heading do lifecycle,AUTO: heurístico,/02#lifecycle
LIFECYCLE,STORY,02,requisitos-seguranca,SbD-ToE-Manual/manuals_src/docs/sbd-toe/010-sbd-manual/02-requisitos-seguranca/aplicacao-lifecycle.md,,US-07 - Validação e aprovação final,User story/heading do lifecycle,AUTO: heurístico,/02#lifecycle
LIFECYCLE,STORY,02,requisitos-seguranca,SbD-ToE-Manual/manuals_src/docs/sbd-toe/010-sbd-manual/02-requisitos-seguranca/aplicacao-lifecycle.md,,📄 Templates e artefactos esperados,User story/heading do lifecycle,AUTO: heurístico,/02#lifecycle
SSDF,PW.3,03,threat-modeling,SbD-ToE-Manual/manuals_src/docs/sbd-toe/010-sbd-manual/03-threat-modeling/achievable-maturity.md,MAT-SSDF,Achievable maturity mapping,Linha contendo SSDF PW.3,AUTO: achievable-maturity,/03#achievable
BSIMM,AA1.1,03,threat-modeling,SbD-ToE-Manual/manuals_src/docs/sbd-toe/010-sbd-manual/03-threat-modeling/achievable-maturity.md,MAT-BSIMM,Achievable maturity mapping,Token BSIMM AA1.1,AUTO: achievable-maturity (heurístico),/03#achievable
BSIMM,AA1.2,03,threat-modeling,SbD-ToE-Manual/manuals_src/docs/sbd-toe/010-sbd-manual/03-threat-modeling/achievable-maturity.md,MAT-BSIMM,Achievable maturity mapping,Token BSIMM AA1.2,AUTO: achievable-maturity (heurístico),/03#achievable
BSIMM,AA2.1,03,threat-modeling,SbD-ToE-Manual/manuals_src/docs/sbd-toe/010-sbd-manual/03-threat-modeling/achievable-maturity.md,MAT-BSIMM,Achievable maturity mapping,Token BSIMM AA2.1,AUTO: achievable-maturity (heurístico),/03#achievable
SAMM,,03,threat-modeling,SbD-ToE-Manual/manuals_src/docs/sbd-toe/010-sbd-manual/03-threat-modeling/achievable-maturity.md,MAT-SAMM,Achievable maturity mapping,SAMM mencionado em achievable-maturity,AUTO: presença,/03#achievable
SLSA,3,03,threat-modeling,SbD-ToE-Manual/manuals_src/docs/sbd-toe/010-sbd-manual/03-threat-modeling/achievable-maturity.md,MAT-SLSA,Achievable maturity mapping,SLSA nível 3,AUTO: achievable-maturity,/03#achievable
SLSA,1,03,threat-modeling,SbD-ToE-Manual/manuals_src/docs/sbd-toe/010-sbd-manual/03-threat-modeling/achievable-maturity.md,MAT-SLSA,Achievable maturity mapping,SLSA nível 1,AUTO: achievable-maturity,/03#achievable
DSOMM,,03,threat-modeling,SbD-ToE-Manual/manuals_src/docs/sbd-toe/010-sbd-manual/03-threat-modeling/achievable-maturity.md,MAT-DSOMM,Achievable maturity mapping,DSOMM mencionado em achievable-maturity,AUTO: presença,/03#achievable
LIFECYCLE,STORY,03,threat-modeling,SbD-ToE-Manual/manuals_src/docs/sbd-toe/010-sbd-manual/03-threat-modeling/aplicacao-lifecycle.md,,📝 User Stories e Cartões Reutilizáveis,User story/heading do lifecycle,AUTO: heurístico,/03#lifecycle
LIFECYCLE,STORY,03,threat-modeling,SbD-ToE-Manual/manuals_src/docs/sbd-toe/010-sbd-manual/03-threat-modeling/aplicacao-lifecycle.md,,US-02 - Validação de arquitetura com threat modeling,User story/heading do lifecycle,AUTO: heurístico,/03#lifecycle
LIFECYCLE,STORY,03,threat-modeling,SbD-ToE-Manual/manuals_src/docs/sbd-toe/010-sbd-manual/03-threat-modeling/aplicacao-lifecycle.md,,US-06 - Validação de impacto no negócio,User story/heading do lifecycle,AUTO: heurístico,/03#lifecycle
LIFECYCLE,STORY,03,threat-modeling,SbD-ToE-Manual/manuals_src/docs/sbd-toe/010-sbd-manual/03-threat-modeling/aplicacao-lifecycle.md,,📄 Templates e artefactos esperados,User story/heading do lifecycle,AUTO: heurístico,/03#lifecycle
SSDF,PW.4,04,arquitetura-segura,SbD-ToE-Manual/manuals_src/docs/sbd-toe/010-sbd-manual/04-arquitetura-segura/achievable-maturity.md,MAT-SSDF,Achievable maturity mapping,Linha contendo SSDF PW.4,AUTO: achievable-maturity,/04#achievable
BSIMM,AA1.2,04,arquitetura-segura,SbD-ToE-Manual/manuals_src/docs/sbd-toe/010-sbd-manual/04-arquitetura-segura/achievable-maturity.md,MAT-BSIMM,Achievable maturity mapping,Token BSIMM AA1.2,AUTO: achievable-maturity (heurístico),/04#achievable
BSIMM,AA2.1,04,arquitetura-segura,SbD-ToE-Manual/manuals_src/docs/sbd-toe/010-sbd-manual/04-arquitetura-segura/achievable-maturity.md,MAT-BSIMM,Achievable maturity mapping,Token BSIMM AA2.1,AUTO: achievable-maturity (heurístico),/04#achievable
SAMM,,04,arquitetura-segura,SbD-ToE-Manual/manuals_src/docs/sbd-toe/010-sbd-manual/04-arquitetura-segura/achievable-maturity.md,MAT-SAMM,Achievable maturity mapping,SAMM mencionado em achievable-maturity,AUTO: presença,/04#achievable
SLSA,2,04,arquitetura-segura,SbD-ToE-Manual/manuals_src/docs/sbd-toe/010-sbd-manual/04-arquitetura-segura/achievable-maturity.md,MAT-SLSA,Achievable maturity mapping,SLSA nível 2,AUTO: achievable-maturity,/04#achievable
SLSA,1,04,arquitetura-segura,SbD-ToE-Manual/manuals_src/docs/sbd-toe/010-sbd-manual/04-arquitetura-segura/achievable-maturity.md,MAT-SLSA,Achievable maturity mapping,SLSA nível 1,AUTO: achievable-maturity,/04#achievable
DSOMM,,04,arquitetura-segura,SbD-ToE-Manual/manuals_src/docs/sbd-toe/010-sbd-manual/04-arquitetura-segura/achievable-maturity.md,MAT-DSOMM,Achievable maturity mapping,DSOMM mencionado em achievable-maturity,AUTO: presença,/04#achievable
LIFECYCLE,STORY,04,arquitetura-segura,SbD-ToE-Manual/manuals_src/docs/sbd-toe/010-sbd-manual/04-arquitetura-segura/aplicacao-lifecycle.md,,📝 User Stories Reutilizáveis,User story/heading do lifecycle,AUTO: heurístico,/04#lifecycle
LIFECYCLE,STORY,04,arquitetura-segura,SbD-ToE-Manual/manuals_src/docs/sbd-toe/010-sbd-manual/04-arquitetura-segura/aplicacao-lifecycle.md,,US-05 - Validação da arquitetura em CI/CD,User story/heading do lifecycle,AUTO: heurístico,/04#lifecycle
LIFECYCLE,STORY,04,arquitetura-segura,SbD-ToE-Manual/manuals_src/docs/sbd-toe/010-sbd-manual/04-arquitetura-segura/aplicacao-lifecycle.md,,US-06 - Validação de impacto no negócio,User story/heading do lifecycle,AUTO: heurístico,/04#lifecycle
LIFECYCLE,STORY,04,arquitetura-segura,SbD-ToE-Manual/manuals_src/docs/sbd-toe/010-sbd-manual/04-arquitetura-segura/aplicacao-lifecycle.md,,US-07 - Validação da arquitetura no Go-live,User story/heading do lifecycle,AUTO: heurístico,/04#lifecycle
LIFECYCLE,STORY,04,arquitetura-segura,SbD-ToE-Manual/manuals_src/docs/sbd-toe/010-sbd-manual/04-arquitetura-segura/aplicacao-lifecycle.md,,📑 Artefactos Esperados,User story/heading do lifecycle,AUTO: heurístico,/04#lifecycle
BSIMM,SR1.2,05,dependencias-sbom-sca,SbD-ToE-Manual/manuals_src/docs/sbd-toe/010-sbd-manual/05-dependencias-sbom-sca/achievable-maturity.md,MAT-BSIMM,Achievable maturity mapping,Token BSIMM SR1.2,AUTO: achievable-maturity (heurístico),/05#achievable
BSIMM,SE2.4,05,dependencias-sbom-sca,SbD-ToE-Manual/manuals_src/docs/sbd-toe/010-sbd-manual/05-dependencias-sbom-sca/achievable-maturity.md,MAT-BSIMM,Achievable maturity mapping,Token BSIMM SE2.4,AUTO: achievable-maturity (heurístico),/05#achievable
SAMM,,05,dependencias-sbom-sca,SbD-ToE-Manual/manuals_src/docs/sbd-toe/010-sbd-manual/05-dependencias-sbom-sca/achievable-maturity.md,MAT-SAMM,Achievable maturity mapping,SAMM mencionado em achievable-maturity,AUTO: presença,/05#achievable
SLSA,3,05,dependencias-sbom-sca,SbD-ToE-Manual/manuals_src/docs/sbd-toe/010-sbd-manual/05-dependencias-sbom-sca/achievable-maturity.md,MAT-SLSA,Achievable maturity mapping,SLSA nível 3,AUTO: achievable-maturity,/05#achievable
SLSA,2,05,dependencias-sbom-sca,SbD-ToE-Manual/manuals_src/docs/sbd-toe/010-sbd-manual/05-dependencias-sbom-sca/achievable-maturity.md,MAT-SLSA,Achievable maturity mapping,SLSA nível 2,AUTO: achievable-maturity,/05#achievable
SLSA,1,05,dependencias-sbom-sca,SbD-ToE-Manual/manuals_src/docs/sbd-toe/010-sbd-manual/05-dependencias-sbom-sca/achievable-maturity.md,MAT-SLSA,Achievable maturity mapping,SLSA nível 1,AUTO: achievable-maturity,/05#achievable
DSOMM,,05,dependencias-sbom-sca,SbD-ToE-Manual/manuals_src/docs/sbd-toe/010-sbd-manual/05-dependencias-sbom-sca/achievable-maturity.md,MAT-DSOMM,Achievable maturity mapping,DSOMM mencionado em achievable-maturity,AUTO: presença,/05#achievable
LIFECYCLE,STORY,05,dependencias-sbom-sca,SbD-ToE-Manual/manuals_src/docs/sbd-toe/010-sbd-manual/05-dependencias-sbom-sca/aplicacao-lifecycle.md,,📖 User Stories Reutilizáveis,User story/heading do lifecycle,AUTO: heurístico,/05#lifecycle
LIFECYCLE,STORY,05,dependencias-sbom-sca,SbD-ToE-Manual/manuals_src/docs/sbd-toe/010-sbd-manual/05-dependencias-sbom-sca/aplicacao-lifecycle.md,,US-05 - Validação de release (*go/no-go*),User story/heading do lifecycle,AUTO: heurístico,/05#lifecycle
LIFECYCLE,STORY,05,dependencias-sbom-sca,SbD-ToE-Manual/manuals_src/docs/sbd-toe/010-sbd-manual/05-dependencias-sbom-sca/aplicacao-lifecycle.md,,📦 Artefactos esperados,User story/heading do lifecycle,AUTO: heurístico,/05#lifecycle
BSIMM,SE2.3,06,desenvolvimento-seguro,SbD-ToE-Manual/manuals_src/docs/sbd-toe/010-sbd-manual/06-desenvolvimento-seguro/achievable-maturity.md,MAT-BSIMM,Achievable maturity mapping,Token BSIMM SE2.3,AUTO: achievable-maturity (heurístico),/06#achievable
BSIMM,SE2.4,06,desenvolvimento-seguro,SbD-ToE-Manual/manuals_src/docs/sbd-toe/010-sbd-manual/06-desenvolvimento-seguro/achievable-maturity.md,MAT-BSIMM,Achievable maturity mapping,Token BSIMM SE2.4,AUTO: achievable-maturity (heurístico),/06#achievable
BSIMM,CP1.1,06,desenvolvimento-seguro,SbD-ToE-Manual/manuals_src/docs/sbd-toe/010-sbd-manual/06-desenvolvimento-seguro/achievable-maturity.md,MAT-BSIMM,Achievable maturity mapping,Token BSIMM CP1.1,AUTO: achievable-maturity (heurístico),/06#achievable
SAMM,,06,desenvolvimento-seguro,SbD-ToE-Manual/manuals_src/docs/sbd-toe/010-sbd-manual/06-desenvolvimento-seguro/achievable-maturity.md,MAT-SAMM,Achievable maturity mapping,SAMM mencionado em achievable-maturity,AUTO: presença,/06#achievable
SLSA,3,06,desenvolvimento-seguro,SbD-ToE-Manual/manuals_src/docs/sbd-toe/010-sbd-manual/06-desenvolvimento-seguro/achievable-maturity.md,MAT-SLSA,Achievable maturity mapping,SLSA nível 3,AUTO: achievable-maturity,/06#achievable
SLSA,2,06,desenvolvimento-seguro,SbD-ToE-Manual/manuals_src/docs/sbd-toe/010-sbd-manual/06-desenvolvimento-seguro/achievable-maturity.md,MAT-SLSA,Achievable maturity mapping,SLSA nível 2,AUTO: achievable-maturity,/06#achievable
SLSA,1,06,desenvolvimento-seguro,SbD-ToE-Manual/manuals_src/docs/sbd-toe/010-sbd-manual/06-desenvolvimento-seguro/achievable-maturity.md,MAT-SLSA,Achievable maturity mapping,SLSA nível 1,AUTO: achievable-maturity,/06#achievable
DSOMM,,06,desenvolvimento-seguro,SbD-ToE-Manual/manuals_src/docs/sbd-toe/010-sbd-manual/06-desenvolvimento-seguro/achievable-maturity.md,MAT-DSOMM,Achievable maturity mapping,DSOMM mencionado em achievable-maturity,AUTO: presença,/06#achievable
LIFECYCLE,STORY,06,desenvolvimento-seguro,SbD-ToE-Manual/manuals_src/docs/sbd-toe/010-sbd-manual/06-desenvolvimento-seguro/aplicacao-lifecycle.md,,📖 User Stories reutilizáveis,User story/heading do lifecycle,AUTO: heurístico,/06#lifecycle
LIFECYCLE,STORY,06,desenvolvimento-seguro,SbD-ToE-Manual/manuals_src/docs/sbd-toe/010-sbd-manual/06-desenvolvimento-seguro/aplicacao-lifecycle.md,,US-06 - Uso Validado de GenIA,User story/heading do lifecycle,AUTO: heurístico,/06#lifecycle
LIFECYCLE,STORY,06,desenvolvimento-seguro,SbD-ToE-Manual/manuals_src/docs/sbd-toe/010-sbd-manual/06-desenvolvimento-seguro/aplicacao-lifecycle.md,,📦 Artefactos esperados,User story/heading do lifecycle,AUTO: heurístico,/06#lifecycle
BSIMM,SE2.5,07,cicd-seguro,SbD-ToE-Manual/manuals_src/docs/sbd-toe/010-sbd-manual/07-cicd-seguro/achievable-maturity.md,MAT-BSIMM,Achievable maturity mapping,Token BSIMM SE2.5,AUTO: achievable-maturity (heurístico),/07#achievable
BSIMM,CP1.2,07,cicd-seguro,SbD-ToE-Manual/manuals_src/docs/sbd-toe/010-sbd-manual/07-cicd-seguro/achievable-maturity.md,MAT-BSIMM,Achievable maturity mapping,Token BSIMM CP1.2,AUTO: achievable-maturity (heurístico),/07#achievable
SAMM,,07,cicd-seguro,SbD-ToE-Manual/manuals_src/docs/sbd-toe/010-sbd-manual/07-cicd-seguro/achievable-maturity.md,MAT-SAMM,Achievable maturity mapping,SAMM mencionado em achievable-maturity,AUTO: presença,/07#achievable
SLSA,3,07,cicd-seguro,SbD-ToE-Manual/manuals_src/docs/sbd-toe/010-sbd-manual/07-cicd-seguro/achievable-maturity.md,MAT-SLSA,Achievable maturity mapping,SLSA nível 3,AUTO: achievable-maturity,/07#achievable
SLSA,1,07,cicd-seguro,SbD-ToE-Manual/manuals_src/docs/sbd-toe/010-sbd-manual/07-cicd-seguro/achievable-maturity.md,MAT-SLSA,Achievable maturity mapping,SLSA nível 1,AUTO: achievable-maturity,/07#achievable
DSOMM,,07,cicd-seguro,SbD-ToE-Manual/manuals_src/docs/sbd-toe/010-sbd-manual/07-cicd-seguro/achievable-maturity.md,MAT-DSOMM,Achievable maturity mapping,DSOMM mencionado em achievable-maturity,AUTO: presença,/07#achievable
LIFECYCLE,STORY,07,cicd-seguro,SbD-ToE-Manual/manuals_src/docs/sbd-toe/010-sbd-manual/07-cicd-seguro/aplicacao-lifecycle.md,,🧾 User Stories normalizadas,User story/heading do lifecycle,AUTO: heurístico,/07#lifecycle
LIFECYCLE,STORY,07,cicd-seguro,SbD-ToE-Manual/manuals_src/docs/sbd-toe/010-sbd-manual/07-cicd-seguro/aplicacao-lifecycle.md,,US-02 - Design seguro dos pipelines,User story/heading do lifecycle,AUTO: heurístico,/07#lifecycle
LIFECYCLE,STORY,07,cicd-seguro,SbD-ToE-Manual/manuals_src/docs/sbd-toe/010-sbd-manual/07-cicd-seguro/aplicacao-lifecycle.md,,📦 Artefactos esperados,User story/heading do lifecycle,AUTO: heurístico,/07#lifecycle
BSIMM,CP1.2,08,iac-infraestrutura,SbD-ToE-Manual/manuals_src/docs/sbd-toe/010-sbd-manual/08-iac-infraestrutura/achievable-maturity.md,MAT-BSIMM,Achievable maturity mapping,Token BSIMM CP1.2,AUTO: achievable-maturity (heurístico),/08#achievable
SAMM,,08,iac-infraestrutura,SbD-ToE-Manual/manuals_src/docs/sbd-toe/010-sbd-manual/08-iac-infraestrutura/achievable-maturity.md,MAT-SAMM,Achievable maturity mapping,SAMM mencionado em achievable-maturity,AUTO: presença,/08#achievable
SLSA,3,08,iac-infraestrutura,SbD-ToE-Manual/manuals_src/docs/sbd-toe/010-sbd-manual/08-iac-infraestrutura/achievable-maturity.md,MAT-SLSA,Achievable maturity mapping,SLSA nível 3,AUTO: achievable-maturity,/08#achievable
SLSA,1,08,iac-infraestrutura,SbD-ToE-Manual/manuals_src/docs/sbd-toe/010-sbd-manual/08-iac-infraestrutura/achievable-maturity.md,MAT-SLSA,Achievable maturity mapping,SLSA nível 1,AUTO: achievable-maturity,/08#achievable
SLSA,2,08,iac-infraestrutura,SbD-ToE-Manual/manuals_src/docs/sbd-toe/010-sbd-manual/08-iac-infraestrutura/achievable-maturity.md,MAT-SLSA,Achievable maturity mapping,SLSA nível 2,AUTO: achievable-maturity,/08#achievable
DSOMM,,08,iac-infraestrutura,SbD-ToE-Manual/manuals_src/docs/sbd-toe/010-sbd-manual/08-iac-infraestrutura/achievable-maturity.md,MAT-DSOMM,Achievable maturity mapping,DSOMM mencionado em achievable-maturity,AUTO: presença,/08#achievable
LIFECYCLE,STORY,08,iac-infraestrutura,SbD-ToE-Manual/manuals_src/docs/sbd-toe/010-sbd-manual/08-iac-infraestrutura/aplicacao-lifecycle.md,,🧾 User Stories por requisito,User story/heading do lifecycle,AUTO: heurístico,/08#lifecycle
LIFECYCLE,STORY,08,iac-infraestrutura,SbD-ToE-Manual/manuals_src/docs/sbd-toe/010-sbd-manual/08-iac-infraestrutura/aplicacao-lifecycle.md,,US-03 - Validações automáticas (IAC-003),User story/heading do lifecycle,AUTO: heurístico,/08#lifecycle
LIFECYCLE,STORY,08,iac-infraestrutura,SbD-ToE-Manual/manuals_src/docs/sbd-toe/010-sbd-manual/08-iac-infraestrutura/aplicacao-lifecycle.md,,US-10 - Assinatura e Proveniência de artefactos IaC (IAC-010),User story/heading do lifecycle,AUTO: heurístico,/08#lifecycle
LIFECYCLE,STORY,08,iac-infraestrutura,SbD-ToE-Manual/manuals_src/docs/sbd-toe/010-sbd-manual/08-iac-infraestrutura/aplicacao-lifecycle.md,,📦 Artefactos & Evidências Esperadas,User story/heading do lifecycle,AUTO: heurístico,/08#lifecycle
LIFECYCLE,STORY,09,containers-imagens,SbD-ToE-Manual/manuals_src/docs/sbd-toe/010-sbd-manual/09-containers-imagens/aplicacao-lifecycle.md,,📖 User Stories Reutilizáveis,User story/heading do lifecycle,AUTO: heurístico,/09#lifecycle
LIFECYCLE,STORY,09,containers-imagens,SbD-ToE-Manual/manuals_src/docs/sbd-toe/010-sbd-manual/09-containers-imagens/aplicacao-lifecycle.md,,📦 Artefactos esperados,User story/heading do lifecycle,AUTO: heurístico,/09#lifecycle
SSDF,RV.1,10,testes-seguranca,SbD-ToE-Manual/manuals_src/docs/sbd-toe/010-sbd-manual/10-testes-seguranca/achievable-maturity.md,MAT-SSDF,Achievable maturity mapping,Linha contendo SSDF RV.1,AUTO: achievable-maturity,/10#achievable
BSIMM,SE3.5,10,testes-seguranca,SbD-ToE-Manual/manuals_src/docs/sbd-toe/010-sbd-manual/10-testes-seguranca/achievable-maturity.md,MAT-BSIMM,Achievable maturity mapping,Token BSIMM SE3.5,AUTO: achievable-maturity (heurístico),/10#achievable
BSIMM,SE1.1,10,testes-seguranca,SbD-ToE-Manual/manuals_src/docs/sbd-toe/010-sbd-manual/10-testes-seguranca/achievable-maturity.md,MAT-BSIMM,Achievable maturity mapping,Token BSIMM SE1.1,AUTO: achievable-maturity (heurístico),/10#achievable
SAMM,,10,testes-seguranca,SbD-ToE-Manual/manuals_src/docs/sbd-toe/010-sbd-manual/10-testes-seguranca/achievable-maturity.md,MAT-SAMM,Achievable maturity mapping,SAMM mencionado em achievable-maturity,AUTO: presença,/10#achievable
SLSA,3,10,testes-seguranca,SbD-ToE-Manual/manuals_src/docs/sbd-toe/010-sbd-manual/10-testes-seguranca/achievable-maturity.md,MAT-SLSA,Achievable maturity mapping,SLSA nível 3,AUTO: achievable-maturity,/10#achievable
SLSA,1,10,testes-seguranca,SbD-ToE-Manual/manuals_src/docs/sbd-toe/010-sbd-manual/10-testes-seguranca/achievable-maturity.md,MAT-SLSA,Achievable maturity mapping,SLSA nível 1,AUTO: achievable-maturity,/10#achievable
SLSA,2,10,testes-seguranca,SbD-ToE-Manual/manuals_src/docs/sbd-toe/010-sbd-manual/10-testes-seguranca/achievable-maturity.md,MAT-SLSA,Achievable maturity mapping,SLSA nível 2,AUTO: achievable-maturity,/10#achievable
DSOMM,,10,testes-seguranca,SbD-ToE-Manual/manuals_src/docs/sbd-toe/010-sbd-manual/10-testes-seguranca/achievable-maturity.md,MAT-DSOMM,Achievable maturity mapping,DSOMM mencionado em achievable-maturity,AUTO: presença,/10#achievable
LIFECYCLE,STORY,10,testes-seguranca,SbD-ToE-Manual/manuals_src/docs/sbd-toe/010-sbd-manual/10-testes-seguranca/aplicacao-lifecycle.md,,📖 User Stories Reutilizáveis,User story/heading do lifecycle,AUTO: heurístico,/10#lifecycle
LIFECYCLE,STORY,10,testes-seguranca,SbD-ToE-Manual/manuals_src/docs/sbd-toe/010-sbd-manual/10-testes-seguranca/aplicacao-lifecycle.md,,US-07 - Critérios de release e aceitação de risco,User story/heading do lifecycle,AUTO: heurístico,/10#lifecycle
LIFECYCLE,STORY,10,testes-seguranca,SbD-ToE-Manual/manuals_src/docs/sbd-toe/010-sbd-manual/10-testes-seguranca/aplicacao-lifecycle.md,,📦 Artefactos esperados,User story/heading do lifecycle,AUTO: heurístico,/10#lifecycle
SSDF,RV.1,11,deploy-seguro,SbD-ToE-Manual/manuals_src/docs/sbd-toe/010-sbd-manual/11-deploy-seguro/achievable-maturity.md,MAT-SSDF,Achievable maturity mapping,Linha contendo SSDF RV.1,AUTO: achievable-maturity,/11#achievable
BSIMM,SE2.5,11,deploy-seguro,SbD-ToE-Manual/manuals_src/docs/sbd-toe/010-sbd-manual/11-deploy-seguro/achievable-maturity.md,MAT-BSIMM,Achievable maturity mapping,Token BSIMM SE2.5,AUTO: achievable-maturity (heurístico),/11#achievable
SAMM,,11,deploy-seguro,SbD-ToE-Manual/manuals_src/docs/sbd-toe/010-sbd-manual/11-deploy-seguro/achievable-maturity.md,MAT-SAMM,Achievable maturity mapping,SAMM mencionado em achievable-maturity,AUTO: presença,/11#achievable
SLSA,3,11,deploy-seguro,SbD-ToE-Manual/manuals_src/docs/sbd-toe/010-sbd-manual/11-deploy-seguro/achievable-maturity.md,MAT-SLSA,Achievable maturity mapping,SLSA nível 3,AUTO: achievable-maturity,/11#achievable
SLSA,1,11,deploy-seguro,SbD-ToE-Manual/manuals_src/docs/sbd-toe/010-sbd-manual/11-deploy-seguro/achievable-maturity.md,MAT-SLSA,Achievable maturity mapping,SLSA nível 1,AUTO: achievable-maturity,/11#achievable
SLSA,2,11,deploy-seguro,SbD-ToE-Manual/manuals_src/docs/sbd-toe/010-sbd-manual/11-deploy-seguro/achievable-maturity.md,MAT-SLSA,Achievable maturity mapping,SLSA nível 2,AUTO: achievable-maturity,/11#achievable
DSOMM,,11,deploy-seguro,SbD-ToE-Manual/manuals_src/docs/sbd-toe/010-sbd-manual/11-deploy-seguro/achievable-maturity.md,MAT-DSOMM,Achievable maturity mapping,DSOMM mencionado em achievable-maturity,AUTO: presença,/11#achievable
LIFECYCLE,STORY,11,deploy-seguro,SbD-ToE-Manual/manuals_src/docs/sbd-toe/010-sbd-manual/11-deploy-seguro/aplicacao-lifecycle.md,,📖 User Stories Reutilizáveis,User story/heading do lifecycle,AUTO: heurístico,/11#lifecycle
LIFECYCLE,STORY,11,deploy-seguro,SbD-ToE-Manual/manuals_src/docs/sbd-toe/010-sbd-manual/11-deploy-seguro/aplicacao-lifecycle.md,,US-01 - Deploy apenas de artefactos assinados,User story/heading do lifecycle,AUTO: heurístico,/11#lifecycle
LIFECYCLE,STORY,11,deploy-seguro,SbD-ToE-Manual/manuals_src/docs/sbd-toe/010-sbd-manual/11-deploy-seguro/aplicacao-lifecycle.md,,US-02 - Validação em staging antes da promoção,User story/heading do lifecycle,AUTO: heurístico,/11#lifecycle
LIFECYCLE,STORY,11,deploy-seguro,SbD-ToE-Manual/manuals_src/docs/sbd-toe/010-sbd-manual/11-deploy-seguro/aplicacao-lifecycle.md,,📦 Artefactos esperados,User story/heading do lifecycle,AUTO: heurístico,/11#lifecycle
SSDF,DE.1,12,monitorizacao-operacoes,SbD-ToE-Manual/manuals_src/docs/sbd-toe/010-sbd-manual/12-monitorizacao-operacoes/achievable-maturity.md,MAT-SSDF,Achievable maturity mapping,Linha contendo SSDF DE.1,AUTO: achievable-maturity,/12#achievable
BSIMM,IR1.4,12,monitorizacao-operacoes,SbD-ToE-Manual/manuals_src/docs/sbd-toe/010-sbd-manual/12-monitorizacao-operacoes/achievable-maturity.md,MAT-BSIMM,Achievable maturity mapping,Token BSIMM IR1.4,AUTO: achievable-maturity (heurístico),/12#achievable
SAMM,,12,monitorizacao-operacoes,SbD-ToE-Manual/manuals_src/docs/sbd-toe/010-sbd-manual/12-monitorizacao-operacoes/achievable-maturity.md,MAT-SAMM,Achievable maturity mapping,SAMM mencionado em achievable-maturity,AUTO: presença,/12#achievable
SLSA,3,12,monitorizacao-operacoes,SbD-ToE-Manual/manuals_src/docs/sbd-toe/010-sbd-manual/12-monitorizacao-operacoes/achievable-maturity.md,MAT-SLSA,Achievable maturity mapping,SLSA nível 3,AUTO: achievable-maturity,/12#achievable
SLSA,1,12,monitorizacao-operacoes,SbD-ToE-Manual/manuals_src/docs/sbd-toe/010-sbd-manual/12-monitorizacao-operacoes/achievable-maturity.md,MAT-SLSA,Achievable maturity mapping,SLSA nível 1,AUTO: achievable-maturity,/12#achievable
SLSA,2,12,monitorizacao-operacoes,SbD-ToE-Manual/manuals_src/docs/sbd-toe/010-sbd-manual/12-monitorizacao-operacoes/achievable-maturity.md,MAT-SLSA,Achievable maturity mapping,SLSA nível 2,AUTO: achievable-maturity,/12#achievable
DSOMM,,12,monitorizacao-operacoes,SbD-ToE-Manual/manuals_src/docs/sbd-toe/010-sbd-manual/12-monitorizacao-operacoes/achievable-maturity.md,MAT-DSOMM,Achievable maturity mapping,DSOMM mencionado em achievable-maturity,AUTO: presença,/12#achievable
LIFECYCLE,STORY,12,monitorizacao-operacoes,SbD-ToE-Manual/manuals_src/docs/sbd-toe/010-sbd-manual/12-monitorizacao-operacoes/aplicacao-lifecycle.md,,📖 User Stories Reutilizáveis,User story/heading do lifecycle,AUTO: heurístico,/12#lifecycle
LIFECYCLE,STORY,12,monitorizacao-operacoes,SbD-ToE-Manual/manuals_src/docs/sbd-toe/010-sbd-manual/12-monitorizacao-operacoes/aplicacao-lifecycle.md,,📦 Artefactos esperados,User story/heading do lifecycle,AUTO: heurístico,/12#lifecycle
SSDF,PS.2,13,formacao-onboarding,SbD-ToE-Manual/manuals_src/docs/sbd-toe/010-sbd-manual/13-formacao-onboarding/achievable-maturity.md,MAT-SSDF,Achievable maturity mapping,Linha contendo SSDF PS.2,AUTO: achievable-maturity,/13#achievable
SAMM,,13,formacao-onboarding,SbD-ToE-Manual/manuals_src/docs/sbd-toe/010-sbd-manual/13-formacao-onboarding/achievable-maturity.md,MAT-SAMM,Achievable maturity mapping,SAMM mencionado em achievable-maturity,AUTO: presença,/13#achievable
SLSA,3,13,formacao-onboarding,SbD-ToE-Manual/manuals_src/docs/sbd-toe/010-sbd-manual/13-formacao-onboarding/achievable-maturity.md,MAT-SLSA,Achievable maturity mapping,SLSA nível 3,AUTO: achievable-maturity,/13#achievable
DSOMM,,13,formacao-onboarding,SbD-ToE-Manual/manuals_src/docs/sbd-toe/010-sbd-manual/13-formacao-onboarding/achievable-maturity.md,MAT-DSOMM,Achievable maturity mapping,DSOMM mencionado em achievable-maturity,AUTO: presença,/13#achievable
LIFECYCLE,STORY,13,formacao-onboarding,SbD-ToE-Manual/manuals_src/docs/sbd-toe/010-sbd-manual/13-formacao-onboarding/aplicacao-lifecycle.md,,📖 User Stories normalizadas,User story/heading do lifecycle,AUTO: heurístico,/13#lifecycle
LIFECYCLE,STORY,13,formacao-onboarding,SbD-ToE-Manual/manuals_src/docs/sbd-toe/010-sbd-manual/13-formacao-onboarding/aplicacao-lifecycle.md,,📦 Artefactos esperados,User story/heading do lifecycle,AUTO: heurístico,/13#lifecycle
SSDF,PO.1,14,governanca-contratacao,SbD-ToE-Manual/manuals_src/docs/sbd-toe/010-sbd-manual/14-governanca-contratacao/achievable-maturity.md,MAT-SSDF,Achievable maturity mapping,Linha contendo SSDF PO.1,AUTO: achievable-maturity,/14#achievable
SAMM,,14,governanca-contratacao,SbD-ToE-Manual/manuals_src/docs/sbd-toe/010-sbd-manual/14-governanca-contratacao/achievable-maturity.md,MAT-SAMM,Achievable maturity mapping,SAMM mencionado em achievable-maturity,AUTO: presença,/14#achievable
SLSA,3,14,governanca-contratacao,SbD-ToE-Manual/manuals_src/docs/sbd-toe/010-sbd-manual/14-governanca-contratacao/achievable-maturity.md,MAT-SLSA,Achievable maturity mapping,SLSA nível 3,AUTO: achievable-maturity,/14#achievable
SLSA,1,14,governanca-contratacao,SbD-ToE-Manual/manuals_src/docs/sbd-toe/010-sbd-manual/14-governanca-contratacao/achievable-maturity.md,MAT-SLSA,Achievable maturity mapping,SLSA nível 1,AUTO: achievable-maturity,/14#achievable
SLSA,2,14,governanca-contratacao,SbD-ToE-Manual/manuals_src/docs/sbd-toe/010-sbd-manual/14-governanca-contratacao/achievable-maturity.md,MAT-SLSA,Achievable maturity mapping,SLSA nível 2,AUTO: achievable-maturity,/14#achievable
DSOMM,,14,governanca-contratacao,SbD-ToE-Manual/manuals_src/docs/sbd-toe/010-sbd-manual/14-governanca-contratacao/achievable-maturity.md,MAT-DSOMM,Achievable maturity mapping,DSOMM mencionado em achievable-maturity,AUTO: presença,/14#achievable
LIFECYCLE,STORY,14,governanca-contratacao,SbD-ToE-Manual/manuals_src/docs/sbd-toe/010-sbd-manual/14-governanca-contratacao/aplicacao-lifecycle.md,,📖 User Stories normalizadas,User story/heading do lifecycle,AUTO: heurístico,/14#lifecycle
LIFECYCLE,STORY,14,governanca-contratacao,SbD-ToE-Manual/manuals_src/docs/sbd-toe/010-sbd-manual/14-governanca-contratacao/aplicacao-lifecycle.md,,US-03 - Validação contínua de fornecedores,User story/heading do lifecycle,AUTO: heurístico,/14#lifecycle
LIFECYCLE,STORY,14,governanca-contratacao,SbD-ToE-Manual/manuals_src/docs/sbd-toe/010-sbd-manual/14-governanca-contratacao/aplicacao-lifecycle.md,,📦 Artefactos esperados,User story/heading do lifecycle,AUTO: heurístico,/14#lifecycle
